ID,Severity,Category,Page,File,Title,Status
PCC-001,Critical,Data integrity,"Dashboard; POS; Products; Stock Inventory; Customer Ledger; Sales History; Expenses; Business Analytics","src/App.tsx; src/data/mockPharmacyData.ts","Core records are demo/in-memory and disappear on reload","Open - code reviewed only"
PCC-002,High,"Bug; Data integrity","POS Billing","src/components/POSBillingView.tsx","Split tender falls through to cash and underpayment is not rejected","Open - code reviewed only"
PCC-003,High,"Security; Business rule","POS Billing","src/components/POSBillingView.tsx; src/types/pharmacy.ts","Role discount ceiling is imported but not enforced","Open - code reviewed only"
PCC-004,High,"Bug; Data integrity","Supabase schema; all pharmacy pages","supabase/migrations/20261008230000_complete_purchase_workflow.sql","Core database schema is not supplied in tracked migrations","Open - repository review"
PCC-005,Medium,Permissions,"Sidebar; routes","src/permissions.tsx; src/components/Sidebar.tsx","Admin defaults to no module access","Open - code reviewed only"
PCC-006,Medium,"Bug; UX","Categories","src/components/MasterDataView.tsx","Master-data arrays are hardcoded and row controls are dead","Open - code reviewed only"
PCC-007,Medium,"Bug; UX","POS Billing","src/components/POSBillingView.tsx","Quotation/barcode/layout/shortcut controls are incomplete","Open - code reviewed only"
PCC-008,Medium,"Bug; UX","Settings","src/components/SettingsView.tsx","Settings save reports success for fields it does not persist","Open - code reviewed only"
PCC-009,Medium,"Bug; UX","Dashboard","src/components/DashboardView.tsx","Refresh summary is a no-op","Open - code reviewed only"
PCC-010,Medium,Performance,"Application shell","dist/assets/index-CVWdOnOx.js (generated)","Single JavaScript chunk exceeds 1 MB","Open - build measured"
PCC-011,Low,UX,"Repository scripts","package.json","Generic npm test script is missing","Open - command verified"
PCC-012,Low,"Dead code","Source/dependencies","src/components/POSScreen.tsx; src/components/ControlledDrugScreen.tsx; src/components/RepositoryReviewView.tsx; package.json","Legacy components and server dependency appear unused","Open - static scan"
PCC-013,Low,"Dead code; UX","Documentation/configuration","docs/REDESIGN_PROGRESS.md; .env.example","Stale documentation describes missing API routes","Open - static scan"
PCC-014,Low,UX,"Routing","src/App.tsx","Unknown signed-in routes silently become Dashboard","Open - code reviewed only"
